,County,State,num_private_schools
0,Abbeville County,South Carolina,2
1,Acadia Parish,Louisiana,5
2,Ada County,Idaho,34
3,Adair County,Missouri,1
4,Adams County,Colorado,21
5,Adams County,Idaho,1
6,Adams County,Illinois,5
7,Adams County,Indiana,43
8,Adams County,Mississippi,1
9,Adams County,Nebraska,3
10,Adams County,Ohio,1
11,Adams County,Pennsylvania,8
12,Adams County,Washington,2
13,Aiken County,South Carolina,14
14,Alachua County,Florida,20
15,Alamance County,North Carolina,9
16,Alameda County,California,130
17,Alamosa County,Colorado,2
18,Albany County,New York,27
19,Albemarle County,Virginia,13
20,Alcorn County,Mississippi,1
21,Alexander County,Illinois,1
22,Alexander County,North Carolina,1
23,Alexandria city,Virginia,17
24,Alger County,Michigan,1
25,Allegan County,Michigan,7
26,Allegany County,Maryland,6
27,Allegany County,New York,6
28,Alleghany County,Virginia,2
29,Allegheny County,Pennsylvania,106
30,Allen County,Indiana,50
31,Allen County,Kansas,1
32,Allen County,Kentucky,3
33,Allen County,Ohio,9
34,Allen Parish,Louisiana,1
35,Alpena County,Michigan,2
36,Amador County,California,4
37,Amelia County,Virginia,1
38,Amherst County,Virginia,2
39,Amite County,Mississippi,2
40,Anchorage Municipality,Alaska,13
41,Anderson County,Kentucky,1
42,Anderson County,South Carolina,8
43,Anderson County,Tennessee,3
44,Anderson County,Texas,1
45,Andrew County,Missouri,1
46,Androscoggin County,Maine,8
47,Angelina County,Texas,3
48,Anne Arundel County,Maryland,40
49,Anoka County,Minnesota,16
50,Antelope County,Nebraska,1
51,Antrim County,Michigan,1
52,Apache County,Arizona,3
53,Appling County,Georgia,1
54,Appomattox County,Virginia,2
55,Aransas County,Texas,2
56,Arapahoe County,Colorado,30
57,Archuleta County,Colorado,2
58,Arkansas County,Arkansas,4
59,Arlington County,Virginia,13
60,Armstrong County,Pennsylvania,13
61,Aroostook County,Maine,2
62,Ascension Parish,Louisiana,4
63,Ashland County,Ohio,6
64,Ashland County,Wisconsin,1
65,Ashtabula County,Ohio,17
66,Asotin County,Washington,1
67,Assumption Parish,Louisiana,1
68,Atascosa County,Texas,1
69,Atchison County,Kansas,3
70,Athens County,Ohio,1
71,Atlantic County,New Jersey,15
72,Attala County,Mississippi,1
73,Audrain County,Missouri,5
74,Auglaize County,Ohio,1
75,Augusta County,Virginia,4
76,Austin County,Texas,1
77,Autauga County,Alabama,5
78,Avery County,North Carolina,2
79,Avoyelles Parish,Louisiana,4
80,Baker County,Florida,1
81,Baldwin County,Alabama,11
82,Baldwin County,Georgia,5
83,Baltimore County,Maryland,76
84,Baltimore city,Maryland,53
85,Bamberg County,South Carolina,1
86,Bandera County,Texas,1
87,Bannock County,Idaho,2
88,Baraga County,Michigan,2
89,Barbour County,Alabama,1
90,Barbour County,West Virginia,1
91,Barnstable County,Massachusetts,13
92,Barnwell County,South Carolina,3
93,Barren County,Kentucky,1
94,Barron County,Wisconsin,8
95,Barrow County,Georgia,1
96,Barry County,Michigan,4
97,Barry County,Missouri,2
98,Bartholomew County,Indiana,8
99,Barton County,Kansas,2
100,Bartow County,Georgia,4
101,Bastrop County,Texas,3
102,Bay County,Florida,9
103,Bay County,Michigan,12
104,Beadle County,South Dakota,2
105,Beaufort County,North Carolina,2
106,Beaufort County,South Carolina,11
107,Beauregard Parish,Louisiana,1
108,Beaver County,Pennsylvania,8
109,Becker County,Minnesota,3
110,Bedford County,Pennsylvania,9
111,Bedford County,Tennessee,2
112,Bedford County,Virginia,3
113,Bee County,Texas,2
114,Belknap County,New Hampshire,3
115,Bell County,Texas,15
116,Belmont County,Ohio,6
117,Beltrami County,Minnesota,2
118,Bennington County,Vermont,11
119,Benton County,Arkansas,14
120,Benton County,Indiana,1
121,Benton County,Minnesota,4
122,Benton County,Missouri,2
123,Benton County,Oregon,6
124,Benton County,Tennessee,1
125,Benton County,Washington,7
126,Bergen County,New Jersey,88
127,Berkeley County,South Carolina,7
128,Berkeley County,West Virginia,3
129,Berks County,Pennsylvania,39
130,Berkshire County,Massachusetts,14
131,Bernalillo County,New Mexico,50
132,Berrien County,Michigan,15
133,Bertie County,North Carolina,2
134,Bexar County,Texas,82
135,Bibb County,Georgia,14
136,Big Horn County,Montana,2
137,Black Hawk County,Iowa,4
138,Bladen County,North Carolina,1
139,Blaine County,Idaho,4
140,Blaine County,Montana,2
141,Blair County,Pennsylvania,19
142,Blanco County,Texas,1
143,Bledsoe County,Tennessee,1
144,Blount County,Alabama,2
145,Blount County,Tennessee,5
146,Blue Earth County,Minnesota,4
147,Boise County,Idaho,2
148,Bolivar County,Mississippi,2
149,Bonner County,Idaho,6
150,Bonneville County,Idaho,8
151,Boone County,Arkansas,2
152,Boone County,Illinois,1
153,Boone County,Indiana,4
154,Boone County,Iowa,3
155,Boone County,Kentucky,8
156,Boone County,Missouri,12
157,Boone County,Nebraska,1
158,Boone County,West Virginia,1
159,Boulder County,Colorado,30
160,Boundary County,Idaho,4
161,Bourbon County,Kansas,3
162,Bourbon County,Kentucky,1
163,Bowie County,Texas,3
164,Box Butte County,Nebraska,3
165,Box Elder County,Utah,2
166,Boyd County,Kentucky,2
167,Boyle County,Kentucky,3
168,Bradford County,Florida,2
169,Bradford County,Pennsylvania,6
170,Bradley County,Arkansas,1
171,Bradley County,Tennessee,8
172,Branch County,Michigan,3
173,Brazoria County,Texas,16
174,Brazos County,Texas,12
175,Breathitt County,Kentucky,3
176,Breckinridge County,Kentucky,2
177,Bremer County,Iowa,2
178,Brevard County,Florida,61
179,Brewster County,Texas,3
180,Bristol Bay Borough,Alaska,1
181,Bristol County,Massachusetts,39
182,Bristol County,Rhode Island,4
183,Bristol city,Virginia,3
184,Bronx County,New York,57
185,Brooke County,West Virginia,1
186,Brookings County,South Dakota,2
187,Broome County,New York,9
188,Broomfield County,Colorado,11
189,Broward County,Florida,180
190,Brown County,Illinois,1
191,Brown County,Minnesota,5
192,Brown County,Ohio,1
193,Brown County,South Dakota,9
194,Brown County,Texas,2
195,Brown County,Wisconsin,29
196,Brule County,South Dakota,1
197,Brunswick County,North Carolina,3
198,Brunswick County,Virginia,1
199,Bryan County,Georgia,1
200,Bryan County,Oklahoma,1
201,Buchanan County,Iowa,3
202,Buchanan County,Missouri,9
203,Buchanan County,Virginia,2
204,Buckingham County,Virginia,1
205,Bucks County,Pennsylvania,84
206,Buffalo County,Nebraska,2
207,Buffalo County,Wisconsin,1
208,Bullitt County,Kentucky,2
209,Bulloch County,Georgia,3
210,Bullock County,Alabama,1
211,Buncombe County,North Carolina,29
212,Bureau County,Illinois,2
213,Burke County,Georgia,3
214,Burke County,North Carolina,5
215,Burleigh County,North Dakota,9
216,Burleson County,Texas,1
217,Burlington County,New Jersey,34
218,Burnet County,Texas,3
219,Butler County,Alabama,1
220,Butler County,Kansas,2
221,Butler County,Kentucky,1
222,Butler County,Missouri,3
223,Butler County,Nebraska,2
224,Butler County,Ohio,17
225,Butler County,Pennsylvania,17
226,Butte County,California,9
227,Cabarrus County,North Carolina,7
228,Cabell County,West Virginia,7
229,Cache County,Utah,1
230,Caddo Parish,Louisiana,15
231,Calcasieu Parish,Louisiana,7
232,Caldwell County,North Carolina,1
233,Caldwell County,Texas,3
234,Caldwell Parish,Louisiana,1
235,Caledonia County,Vermont,9
236,Calhoun County,Alabama,7
237,Calhoun County,Illinois,2
238,Calhoun County,Michigan,6
239,Calhoun County,Mississippi,1
240,Calhoun County,South Carolina,2
241,Calhoun County,Texas,1
242,Calhoun County,West Virginia,1
243,Callaway County,Missouri,3
244,Calloway County,Kentucky,1
245,Calumet County,Wisconsin,7
246,Calvert County,Maryland,5
247,Cambria County,Pennsylvania,13
248,Camden County,Georgia,4
249,Camden County,Missouri,1
250,Camden County,New Jersey,35
251,Cameron County,Texas,14
252,Campbell County,Kentucky,12
253,Campbell County,Tennessee,2
254,Campbell County,Virginia,4
255,Canadian County,Oklahoma,3
256,Canyon County,Idaho,10
257,Cape Girardeau County,Missouri,9
258,Cape May County,New Jersey,6
259,Capitol Planning Region,Connecticut,55
260,Carbon County,Pennsylvania,6
261,Carlton County,Minnesota,1
262,Caroline County,Maryland,2
263,Caroline County,Virginia,1
264,Carroll County,Arkansas,2
265,Carroll County,Georgia,3
266,Carroll County,Indiana,1
267,Carroll County,Iowa,1
268,Carroll County,Kentucky,1
269,Carroll County,Maryland,13
270,Carroll County,Mississippi,1
271,Carroll County,New Hampshire,1
272,Carroll County,Virginia,1
273,Carson City,Nevada,1
274,Carter County,Kentucky,1
275,Carter County,Oklahoma,4
276,Carter County,Tennessee,2
277,Carteret County,North Carolina,5
278,Carver County,Minnesota,16
279,Cascade County,Montana,6
280,Casey County,Kentucky,3
281,Cass County,Illinois,2
282,Cass County,Michigan,1
283,Cass County,Minnesota,2
284,Cass County,Missouri,4
285,Cass County,Nebraska,2
286,Cass County,North Dakota,8
287,Catahoula Parish,Louisiana,1
288,Catawba County,North Carolina,7
289,Cattaraugus County,New York,17
290,Cavalier County,North Dakota,1
291,Cayuga County,New York,8
292,Cecil County,Maryland,7
293,Cedar County,Iowa,1
294,Cedar County,Missouri,3
295,Cedar County,Nebraska,3
296,Centre County,Pennsylvania,34
297,Cerro Gordo County,Iowa,3
298,Chaffee County,Colorado,2
299,Chambers County,Alabama,4
300,Champaign County,Illinois,15
301,Champaign County,Ohio,2
302,Chariton County,Missouri,1
303,Charles City County,Virginia,1
304,Charles County,Maryland,7
305,Charleston County,South Carolina,34
306,Charlevoix County,Michigan,1
307,Charlotte County,Florida,7
308,Charlottesville city,Virginia,10
309,Chatham County,Georgia,27
310,Chatham County,North Carolina,2
311,Chautauqua County,New York,10
312,Chaves County,New Mexico,3
313,Cheatham County,Tennessee,2
314,Cheboygan County,Michigan,3
315,Chelan County,Washington,7
316,Chemung County,New York,7
317,Chenango County,New York,2
318,Cherokee County,Georgia,12
319,Cherokee County,North Carolina,2
320,Cherokee County,Oklahoma,1
321,Cherokee County,Texas,1
322,Cherry County,Nebraska,1
323,Chesapeake city,Virginia,20
324,Cheshire County,New Hampshire,12
325,Chester County,Pennsylvania,79
326,Chester County,South Carolina,1
327,Chester County,Tennessee,1
328,Chesterfield County,South Carolina,4
329,Chesterfield County,Virginia,15
330,Chickasaw County,Iowa,1
331,Chilton County,Alabama,1
332,Chippewa County,Michigan,2
333,Chippewa County,Wisconsin,13
334,Chisago County,Minnesota,1
335,Chittenden County,Vermont,20
336,Choctaw County,Alabama,2
337,Choctaw County,Mississippi,1
338,Choctaw County,Oklahoma,1
339,Chowan County,North Carolina,1
340,Christian County,Illinois,6
341,Christian County,Kentucky,6
342,Christian County,Missouri,1
343,Churchill County,Nevada,2
344,Cibola County,New Mexico,2
345,Citrus County,Florida,5
346,Clackamas County,Oregon,24
347,Claiborne County,Tennessee,4
348,Claiborne Parish,Louisiana,2
349,Clallam County,Washington,4
350,Clare County,Michigan,3
351,Clarendon County,South Carolina,3
352,Clarion County,Pennsylvania,13
353,Clark County,Indiana,4
354,Clark County,Kentucky,4
355,Clark County,Missouri,1
356,Clark County,Nevada,68
357,Clark County,Ohio,9
358,Clark County,Washington,24
359,Clark County,Wisconsin,21
360,Clarke County,Alabama,1
361,Clarke County,Georgia,5
362,Clarke County,Virginia,3
363,Clatsop County,Oregon,1
364,Clay County,Alabama,2
365,Clay County,Florida,16
366,Clay County,Indiana,1
367,Clay County,Iowa,2
368,Clay County,Kansas,1
369,Clay County,Kentucky,3
370,Clay County,Minnesota,2
371,Clay County,Mississippi,3
372,Clay County,Missouri,11
373,Clay County,North Carolina,1
374,Clay County,South Dakota,1
375,Clay County,West Virginia,1
376,Clayton County,Georgia,7
377,Clearfield County,Pennsylvania,14
378,Clearwater County,Minnesota,1
379,Clermont County,Ohio,9
380,Cleveland County,North Carolina,1
381,Cleveland County,Oklahoma,12
382,Clinton County,Illinois,4
383,Clinton County,Indiana,1
384,Clinton County,Iowa,2
385,Clinton County,Michigan,4
386,Clinton County,New York,1
387,Clinton County,Ohio,1
388,Clinton County,Pennsylvania,21
389,Coahoma County,Mississippi,3
390,Cobb County,Georgia,47
391,Cochise County,Arizona,8
392,Coconino County,Arizona,2
393,Codington County,South Dakota,4
394,Coffee County,Alabama,2
395,Coffee County,Georgia,2
396,Coffee County,Tennessee,1
397,Colbert County,Alabama,1
398,Cole County,Missouri,14
399,Coles County,Illinois,4
400,Colfax County,Nebraska,1
401,Colleton County,South Carolina,3
402,Collier County,Florida,19
403,Collin County,Texas,68
404,Colorado County,Texas,2
405,Colquitt County,Georgia,3
406,Columbia County,Arkansas,1
407,Columbia County,Florida,10
408,Columbia County,Georgia,7
409,Columbia County,New York,2
410,Columbia County,Oregon,2
411,Columbia County,Pennsylvania,4
412,Columbia County,Wisconsin,14
413,Columbiana County,Ohio,3
414,Columbus County,North Carolina,1
415,Comal County,Texas,11
416,Comanche County,Oklahoma,1
417,Contra Costa County,California,81
418,Conway County,Arkansas,2
419,Cook County,Georgia,1
420,Cook County,Illinois,427
421,Cooke County,Texas,2
422,Cooper County,Missouri,3
423,Coos County,New Hampshire,5
424,Coos County,Oregon,3
425,Copiah County,Mississippi,1
426,Corson County,South Dakota,1
427,Cortland County,New York,4
428,Coryell County,Texas,1
429,Coshocton County,Ohio,21
430,Cottonwood County,Minnesota,3
431,Covington County,Mississippi,1
432,Covington city,Virginia,1
433,Coweta County,Georgia,5
434,Cowley County,Kansas,1
435,Cowlitz County,Washington,5
436,Craig County,Oklahoma,1
437,Craighead County,Arkansas,3
438,Craven County,North Carolina,7
439,Crawford County,Illinois,1
440,Crawford County,Iowa,2
441,Crawford County,Kansas,2
442,Crawford County,Missouri,2
443,Crawford County,Ohio,4
444,Crawford County,Pennsylvania,38
445,Crawford County,Wisconsin,3
446,Creek County,Oklahoma,3
447,Crenshaw County,Alabama,2
448,Crisp County,Georgia,1
449,Crittenden County,Arkansas,2
450,Crockett County,Tennessee,1
451,Crook County,Oregon,1
452,Crow Wing County,Minnesota,4
453,Cullman County,Alabama,5
454,Culpeper County,Virginia,4
455,Cumberland County,Maine,25
456,Cumberland County,New Jersey,7
457,Cumberland County,North Carolina,20
458,Cumberland County,Pennsylvania,31
459,Cumberland County,Tennessee,1
460,Cumberland County,Virginia,1
461,Cuming County,Nebraska,3
462,Currituck County,North Carolina,1
463,Curry County,New Mexico,1
464,Curry County,Oregon,1
465,Custer County,Montana,2
466,Custer County,Oklahoma,1
467,Cuyahoga County,Ohio,93
468,Dade County,Missouri,1
469,Dakota County,Minnesota,28
470,Dakota County,Nebraska,1
471,Dallas County,Alabama,4
472,Dallas County,Iowa,3
473,Dallas County,Missouri,1
474,Dallas County,Texas,149
475,Dane County,Wisconsin,43
476,Daniels County,Montana,1
477,Danville city,Virginia,5
478,Dare County,North Carolina,2
479,Darke County,Ohio,2
480,Darlington County,South Carolina,7
481,Dauphin County,Pennsylvania,37
482,Davidson County,North Carolina,7
483,Davidson County,Tennessee,60
484,Davie County,North Carolina,1
485,Daviess County,Indiana,20
486,Daviess County,Kentucky,8
487,Daviess County,Missouri,7
488,Davis County,Utah,9
489,Davison County,South Dakota,2
490,Dawes County,Nebraska,1
491,Dawson County,Georgia,2
492,Dawson County,Montana,1
493,Dawson County,Nebraska,1
494,DeKalb County,Alabama,2
495,DeKalb County,Georgia,70
496,DeKalb County,Illinois,4
497,DeKalb County,Indiana,1
498,DeKalb County,Tennessee,1
499,DeSoto County,Florida,3
500,DeSoto County,Mississippi,6
501,DeWitt County,Texas,1
502,Deaf Smith County,Texas,1
503,Dearborn County,Indiana,3
504,Decatur County,Georgia,1
505,Decatur County,Indiana,2
506,Decatur County,Iowa,1
507,Decatur County,Tennessee,1
508,Defiance County,Ohio,2
509,Delaware County,Indiana,2
510,Delaware County,Iowa,1
511,Delaware County,Ohio,13
512,Delaware County,Pennsylvania,72
513,Delta County,Colorado,3
514,Delta County,Michigan,1
515,Dent County,Missouri,1
516,Denton County,Texas,34
517,Denver County,Colorado,45
518,Des Moines County,Iowa,2
519,Deschutes County,Oregon,19
520,Desha County,Arkansas,1
521,Dewey County,South Dakota,1
522,Dickinson County,Kansas,2
523,Dickinson County,Michigan,2
524,Dickson County,Tennessee,1
525,Dillingham Census Area,Alaska,1
526,Dinwiddie County,Virginia,1
527,Dixie County,Florida,1
528,Dodge County,Minnesota,2
529,Dodge County,Nebraska,2
530,Dodge County,Wisconsin,14
531,Dooly County,Georgia,1
532,Door County,Wisconsin,3
533,Dorchester County,Maryland,3
534,Dorchester County,South Carolina,7
535,Dougherty County,Georgia,7
536,Douglas County,Colorado,15
537,Douglas County,Georgia,7
538,Douglas County,Illinois,5
539,Douglas County,Kansas,6
540,Douglas County,Minnesota,4
541,Douglas County,Missouri,1
542,Douglas County,Nebraska,48
543,Douglas County,Nevada,3
544,Douglas County,Oregon,4
545,Douglas County,South Dakota,1
546,Douglas County,Wisconsin,2
547,Do√±a Ana County,New Mexico,7
548,DuPage County,Illinois,84
549,Dubois County,Indiana,2
550,Dubuque County,Iowa,12
551,Dukes County,Massachusetts,1
552,Dunklin County,Missouri,2
553,Dunn County,Wisconsin,4
554,Duplin County,North Carolina,4
555,Durham County,North Carolina,25
556,Dutchess County,New York,24
557,Duval County,Florida,112
558,Dyer County,Tennessee,2
559,Eagle County,Colorado,7
560,Early County,Georgia,1
561,East Baton Rouge Parish,Louisiana,40
562,East Feliciana Parish,Louisiana,2
563,Eastland County,Texas,1
564,Eaton County,Michigan,4
565,Eau Claire County,Wisconsin,13
566,Ector County,Texas,5
567,Edgefield County,South Carolina,1
568,Effingham County,Illinois,3
569,El Dorado County,California,12
570,El Paso County,Colorado,18
571,El Paso County,Texas,32
572,Elk County,Pennsylvania,3
573,Elkhart County,Indiana,35
574,Elko County,Nevada,1
575,Ellis County,Kansas,2
576,Ellis County,Texas,5
577,Elmore County,Alabama,4
578,Elmore County,Idaho,2
579,Emanuel County,Georgia,1
580,Emmet County,Iowa,1
581,Emmet County,Michigan,3
582,Erath County,Texas,2
583,Erie County,New York,52
584,Erie County,Ohio,5
585,Erie County,Pennsylvania,20
586,Escambia County,Alabama,2
587,Escambia County,Florida,32
588,Essex County,Massachusetts,67
589,Essex County,New Jersey,56
590,Essex County,New York,6
591,Essex County,Vermont,1
592,Essex County,Virginia,3
593,Etowah County,Alabama,5
594,Evangeline Parish,Louisiana,1
595,Evans County,Georgia,1
596,Fairbanks North Star Borough,Alaska,7
597,Fairfax County,Virginia,110
598,Fairfax city,Virginia,5
599,Fairfield County,Ohio,8
600,Fairfield County,South Carolina,1
601,Fall River County,South Dakota,1
602,Falls Church city,Virginia,3
603,Fannin County,Georgia,1
604,Fannin County,Texas,1
605,Faribault County,Minnesota,2
606,Faulkner County,Arkansas,4
607,Fauquier County,Virginia,11
608,Fayette County,Georgia,19
609,Fayette County,Illinois,2
610,Fayette County,Indiana,3
611,Fayette County,Iowa,1
612,Fayette County,Kentucky,26
613,Fayette County,Ohio,1
614,Fayette County,Pennsylvania,13
615,Fayette County,Tennessee,3
616,Fayette County,Texas,3
617,Fayette County,West Virginia,4
618,Fergus County,Montana,2
619,Ferry County,Washington,1
620,Fillmore County,Minnesota,1
621,Finney County,Kansas,3
622,Flagler County,Florida,7
623,Flathead County,Montana,10
624,Florence County,South Carolina,11
625,Floyd County,Georgia,7
626,Floyd County,Indiana,3
627,Floyd County,Iowa,1
628,Floyd County,Kentucky,1
629,Floyd County,Virginia,3
630,Fluvanna County,Virginia,4
631,Fond du Lac County,Wisconsin,15
632,Ford County,Illinois,1
633,Ford County,Kansas,1
634,Forest County,Pennsylvania,2
635,Forrest County,Mississippi,5
636,Forsyth County,Georgia,21
637,Forsyth County,North Carolina,14
638,Fort Bend County,Texas,54
639,Fountain County,Indiana,1
640,Franklin County,Georgia,1
641,Franklin County,Illinois,1
642,Franklin County,Indiana,2
643,Franklin County,Iowa,1
644,Franklin County,Kansas,1
645,Franklin County,Kentucky,3
646,Franklin County,Maine,1
647,Franklin County,Massachusetts,5
648,Franklin County,Missouri,11
649,Franklin County,New York,1
650,Franklin County,North Carolina,1
651,Franklin County,Ohio,83
652,Franklin County,Pennsylvania,27
653,Franklin County,Tennessee,3
654,Franklin County,Virginia,2
655,Franklin County,Washington,5
656,Franklin Parish,Louisiana,2
657,Franklin city,Virginia,1
658,Frederick County,Maryland,20
659,Frederick County,Virginia,8
660,Fredericksburg city,Virginia,1
661,Freeborn County,Minnesota,2
662,Fremont County,Colorado,2
663,Fremont County,Wyoming,3
664,Fresno County,California,17
665,Fulton County,Georgia,100
666,Fulton County,Indiana,1
667,Fulton County,Ohio,3
668,Fulton County,Pennsylvania,1
669,Gadsden County,Florida,3
670,Gage County,Nebraska,2
671,Gaines County,Texas,3
672,Gallatin County,Montana,15
673,Gallia County,Ohio,1
674,Galveston County,Texas,16
675,Garfield County,Colorado,5
676,Garfield County,Oklahoma,4
677,Garfield County,Utah,1
678,Garland County,Arkansas,5
679,Garrett County,Maryland,3
680,Gasconade County,Missouri,2
681,Gaston County,North Carolina,8
682,Geary County,Kansas,1
683,Geauga County,Ohio,38
684,Gem County,Idaho,3
685,Genesee County,Michigan,13
686,Genesee County,New York,3
687,Georgetown County,South Carolina,5
688,Gibson County,Indiana,4
689,Gila County,Arizona,3
690,Gilchrist County,Florida,2
691,Giles County,Tennessee,1
692,Giles County,Virginia,1
693,Gillespie County,Texas,2
694,Gilmer County,Georgia,2
695,Glacier County,Montana,2
696,Glades County,Florida,2
697,Gladwin County,Michigan,4
698,Glenn County,California,1
699,Gloucester County,New Jersey,18
700,Gloucester County,Virginia,2
701,Glynn County,Georgia,5
702,Gogebic County,Michigan,1
703,Gonzales County,Texas,1
704,Goochland County,Virginia,4
705,Goodhue County,Minnesota,5
706,Gordon County,Georgia,2
707,Goshen County,Wyoming,2
708,Grady County,Oklahoma,1
709,Grafton County,New Hampshire,11
710,Graham County,Arizona,1
711,Grand County,Colorado,2
712,Grand Forks County,North Dakota,4
713,Grand Traverse County,Michigan,7
714,Grant County,Indiana,5
715,Grant County,New Mexico,2
716,Grant County,South Dakota,1
717,Grant County,Washington,4
718,Grant County,West Virginia,3
719,Grant County,Wisconsin,8
720,Gratiot County,Michigan,3
721,Graves County,Kentucky,2
722,Gray County,Texas,1
723,Grays Harbor County,Washington,2
724,Grayson County,Kentucky,5
725,Grayson County,Texas,4
726,Grayson County,Virginia,1
727,Greater Bridgeport Planning Region,Connecticut,25
728,Greeley County,Nebraska,1
729,Green County,Wisconsin,3
730,Green Lake County,Wisconsin,5
731,Greenbrier County,West Virginia,3
732,Greene County,Arkansas,2
733,Greene County,Georgia,1
734,Greene County,Illinois,1
735,Greene County,Indiana,1
736,Greene County,Missouri,19
737,Greene County,New York,1
738,Greene County,North Carolina,1
739,Greene County,Ohio,9
740,Greene County,Pennsylvania,1
741,Greene County,Tennessee,3
742,Greene County,Virginia,1
743,Greenup County,Kentucky,1
744,Greenville County,South Carolina,45
745,Greenwood County,South Carolina,1
746,Gregg County,Texas,12
747,Grenada County,Mississippi,1
748,Grundy County,Illinois,1
749,Grundy County,Iowa,1
750,Grundy County,Tennessee,2
751,Guadalupe County,Texas,3
752,Guernsey County,Ohio,2
753,Guilford County,North Carolina,24
754,Gulf County,Florida,1
755,Gwinnett County,Georgia,44
756,Habersham County,Georgia,3
757,Hale County,Alabama,1
758,Hale County,Texas,1
759,Halifax County,North Carolina,2
760,Halifax County,Virginia,2
761,Hall County,Georgia,9
762,Hall County,Nebraska,5
763,Hamblen County,Tennessee,5
764,Hamilton County,Florida,4
765,Hamilton County,Indiana,28
766,Hamilton County,Iowa,1
767,Hamilton County,Nebraska,2
768,Hamilton County,Ohio,91
769,Hamilton County,Tennessee,35
770,Hamilton County,Texas,1
771,Hamlin County,South Dakota,1
772,Hampden County,Massachusetts,34
773,Hampshire County,Massachusetts,10
774,Hampshire County,West Virginia,1
775,Hampton County,South Carolina,1
776,Hampton city,Virginia,8
777,Hancock County,Georgia,2
778,Hancock County,Illinois,1
779,Hancock County,Indiana,2
780,Hancock County,Maine,7
781,Hancock County,Mississippi,4
782,Hancock County,Ohio,3
783,Hancock County,West Virginia,3
784,Hand County,South Dakota,1
785,Hanover County,Virginia,5
786,Hardee County,Florida,2
787,Hardeman County,Tennessee,1
788,Hardin County,Kentucky,3
789,Hardin County,Ohio,9
790,Hardin County,Tennessee,2
791,Hardin County,Texas,1
792,Harford County,Maryland,14
793,Harlan County,Kentucky,2
794,Harnett County,North Carolina,3
795,Harris County,Georgia,1
796,Harris County,Texas,231
797,Harrison County,Indiana,3
798,Harrison County,Kentucky,1
799,Harrison County,Mississippi,10
800,Harrison County,Missouri,1
801,Harrison County,Texas,2
802,Harrison County,West Virginia,5
803,Harrisonburg city,Virginia,2
804,Hart County,Georgia,1
805,Hartley County,Texas,2
806,Harvey County,Kansas,2
807,Hawaii County,Hawaii,16
808,Hays County,Texas,11
809,Haywood County,North Carolina,4
810,Hempstead County,Arkansas,1
811,Henderson County,Kentucky,1
812,Henderson County,North Carolina,15
813,Henderson County,Tennessee,2
814,Henderson County,Texas,1
815,Hendricks County,Indiana,6
816,Hendry County,Florida,2
817,Hennepin County,Minnesota,75
818,Henrico County,Virginia,27
819,Henry County,Alabama,1
820,Henry County,Georgia,17
821,Henry County,Illinois,2
822,Henry County,Indiana,2
823,Henry County,Missouri,3
824,Henry County,Ohio,3
825,Henry County,Tennessee,3
826,Henry County,Virginia,1
827,Herkimer County,New York,3
828,Hernando County,Florida,14
829,Hertford County,North Carolina,2
830,Hickman County,Tennessee,1
831,Hidalgo County,Texas,20
832,Highland County,Ohio,2
833,Highlands County,Florida,10
834,Hill County,Montana,1
835,Hill County,Texas,2
836,Hillsborough County,Florida,107
837,Hillsborough County,New Hampshire,53
838,Hillsdale County,Michigan,2
839,Hinds County,Mississippi,17
840,Hocking County,Ohio,2
841,Hockley County,Texas,1
842,Hoke County,North Carolina,1
843,Holmes County,Florida,1
844,Holmes County,Mississippi,1
845,Holmes County,Ohio,100
846,Holt County,Nebraska,2
847,Honolulu County,Hawaii,65
848,Hood County,Texas,1
849,Hood River County,Oregon,3
850,Hopewell city,Virginia,3
851,Hopkins County,Kentucky,3
852,Horry County,South Carolina,11
853,Hot Spring County,Arkansas,2
854,Hot Springs County,Wyoming,1
855,Houghton County,Michigan,1
856,Houston County,Alabama,6
857,Houston County,Georgia,8
858,Houston County,Minnesota,4
859,Howard County,Indiana,6
860,Howard County,Iowa,2
861,Howard County,Maryland,33
862,Howard County,Texas,2
863,Hudson County,New Jersey,37
864,Humboldt County,California,10
865,Humboldt County,Iowa,1
866,Humphreys County,Mississippi,1
867,Humphreys County,Tennessee,2
868,Hunt County,Texas,1
869,Hunterdon County,New Jersey,4
870,Huntingdon County,Pennsylvania,7
871,Huntington County,Indiana,2
872,Huron County,Michigan,5
873,Huron County,Ohio,4
874,Hutchinson County,South Dakota,1
875,Hyde County,North Carolina,1
876,Iberia Parish,Louisiana,5
877,Iberville Parish,Louisiana,2
878,Idaho County,Idaho,2
879,Imperial County,California,9
880,Indian River County,Florida,7
881,Indiana County,Pennsylvania,36
882,Ingham County,Michigan,16
883,Inyo County,California,1
884,Ionia County,Michigan,6
885,Iosco County,Michigan,2
886,Iowa County,Iowa,1
887,Iredell County,North Carolina,8
888,Iron County,Utah,5
889,Iron County,Wisconsin,1
890,Iroquois County,Illinois,4
891,Isabella County,Michigan,3
892,Isanti County,Minnesota,2
893,Island County,Washington,5
894,Isle of Wight County,Virginia,1
895,Itasca County,Minnesota,1
896,Jackson County,Alabama,2
897,Jackson County,Florida,2
898,Jackson County,Georgia,1
899,Jackson County,Illinois,5
900,Jackson County,Indiana,6
901,Jackson County,Iowa,2
902,Jackson County,Michigan,8
903,Jackson County,Minnesota,2
904,Jackson County,Mississippi,6
905,Jackson County,Missouri,42
906,Jackson County,North Carolina,2
907,Jackson County,Ohio,2
908,Jackson County,Oklahoma,1
909,Jackson County,Oregon,9
910,Jackson County,Texas,1
911,Jackson County,West Virginia,2
912,Jackson County,Wisconsin,1
913,James City County,Virginia,4
914,Jasper County,Illinois,1
915,Jasper County,Indiana,3
916,Jasper County,Iowa,2
917,Jasper County,Mississippi,1
918,Jasper County,Missouri,6
919,Jasper County,South Carolina,3
920,Jasper County,Texas,1
921,Jay County,Indiana,4
922,Jefferson County,Alabama,52
923,Jefferson County,Colorado,32
924,Jefferson County,Florida,2
925,Jefferson County,Georgia,3
926,Jefferson County,Illinois,4
927,Jefferson County,Indiana,2
928,Jefferson County,Iowa,3
929,Jefferson County,Kentucky,72
930,Jefferson County,Missouri,7
931,Jefferson County,Nebraska,1
932,Jefferson County,New York,6
933,Jefferson County,Ohio,2
934,Jefferson County,Pennsylvania,22
935,Jefferson County,Tennessee,2
936,Jefferson County,Texas,9
937,Jefferson County,Washington,3
938,Jefferson County,West Virginia,2
939,Jefferson County,Wisconsin,20
940,Jefferson Davis County,Mississippi,2
941,Jefferson Davis Parish,Louisiana,1
942,Jefferson Parish,Louisiana,37
943,Jennings County,Indiana,1
944,Jerome County,Idaho,2
945,Jim Wells County,Texas,2
946,Johnson County,Indiana,7
947,Johnson County,Iowa,11
948,Johnson County,Kansas,33
949,Johnson County,Kentucky,2
950,Johnson County,Missouri,1
951,Johnson County,Nebraska,1
952,Johnson County,Tennessee,1
953,Johnson County,Texas,10
954,Johnston County,North Carolina,4
955,Jones County,Iowa,2
956,Jones County,Mississippi,2
957,Josephine County,Oregon,6
958,Judith Basin County,Montana,1
959,Juneau City and Borough,Alaska,2
960,Juneau County,Wisconsin,3
961,Juniata County,Pennsylvania,19
962,Kalamazoo County,Michigan,18
963,Kanawha County,West Virginia,7
964,Kandiyohi County,Minnesota,2
965,Kane County,Illinois,36
966,Kankakee County,Illinois,6
967,Kauai County,Hawaii,6
968,Kaufman County,Texas,3
969,Kay County,Oklahoma,2
970,Keith County,Nebraska,2
971,Kemper County,Mississippi,1
972,Kenai Peninsula Borough,Alaska,2
973,Kendall County,Illinois,3
974,Kendall County,Texas,4
975,Kennebec County,Maine,10
976,Kenosha County,Wisconsin,8
977,Kent County,Delaware,17
978,Kent County,Maryland,4
979,Kent County,Michigan,48
980,Kent County,Rhode Island,19
981,Kenton County,Kentucky,22
982,Kern County,California,27
983,Kerr County,Texas,3
984,Kershaw County,South Carolina,4
985,Kewaunee County,Wisconsin,6
986,King County,Washington,210
987,Kingfisher County,Oklahoma,1
988,Kingman County,Kansas,1
989,Kings County,California,3
990,Kings County,New York,195
991,Kingsbury County,South Dakota,1
992,Kit Carson County,Colorado,1
993,Kitsap County,Washington,22
994,Kittitas County,Washington,2
995,Kittson County,Minnesota,3
996,Klamath County,Oregon,4
997,Kleberg County,Texas,2
998,Klickitat County,Washington,3
999,Knox County,Illinois,2
1000,Knox County,Indiana,2
1001,Knox County,Maine,5
1002,Knox County,Nebraska,2
1003,Knox County,Ohio,3
1004,Knox County,Tennessee,37
1005,Kodiak Island Borough,Alaska,1
1006,Koochiching County,Minnesota,1
1007,Kootenai County,Idaho,16
1008,Kosciusko County,Indiana,9
1009,Kossuth County,Iowa,2
1010,La Crosse County,Wisconsin,18
1011,La Plata County,Colorado,6
1012,LaGrange County,Indiana,33
1013,LaPorte County,Indiana,8
1014,LaSalle County,Illinois,8
1015,LaSalle Parish,Louisiana,1
1016,Labette County,Kansas,1
1017,Lackawanna County,Pennsylvania,25
1018,Lafayette County,Arkansas,1
1019,Lafayette County,Florida,1
1020,Lafayette County,Mississippi,4
1021,Lafayette County,Missouri,5
1022,Lafayette County,Wisconsin,1
1023,Lafayette Parish,Louisiana,16
1024,Lafourche Parish,Louisiana,5
1025,Lake County,California,4
1026,Lake County,Colorado,1
1027,Lake County,Florida,34
1028,Lake County,Illinois,48
1029,Lake County,Indiana,40
1030,Lake County,Montana,6
1031,Lake County,Ohio,11
1032,Lake County,South Dakota,2
1033,Lamar County,Georgia,2
1034,Lamar County,Mississippi,6
1035,Lamar County,Texas,2
1036,Lamoille County,Vermont,3
1037,Lampasas County,Texas,1
1038,Lancaster County,Nebraska,22
1039,Lancaster County,Pennsylvania,92
1040,Lancaster County,South Carolina,2
1041,Lancaster County,Virginia,1
1042,Lane County,Oregon,28
1043,Langlade County,Wisconsin,1
1044,Lapeer County,Michigan,2
1045,Laramie County,Wyoming,4
1046,Larimer County,Colorado,13
1047,Las Animas County,Colorado,1
1048,Lassen County,California,2
1049,Latah County,Idaho,4
1050,Lauderdale County,Alabama,4
1051,Lauderdale County,Mississippi,4
1052,Laurel County,Kentucky,3
1053,Laurens County,Georgia,2
1054,Laurens County,South Carolina,1
1055,Lavaca County,Texas,3
1056,Lawrence County,Alabama,1
1057,Lawrence County,Indiana,3
1058,Lawrence County,Kentucky,1
1059,Lawrence County,Missouri,4
1060,Lawrence County,Ohio,2
1061,Lawrence County,Pennsylvania,5
1062,Lawrence County,South Dakota,1
1063,Lawrence County,Tennessee,10
1064,Le Sueur County,Minnesota,3
1065,Lea County,New Mexico,3
1066,Leake County,Mississippi,1
1067,Leavenworth County,Kansas,3
1068,Lebanon County,Pennsylvania,20
1069,Lee County,Alabama,6
1070,Lee County,Florida,33
1071,Lee County,Illinois,2
1072,Lee County,Iowa,5
1073,Lee County,Mississippi,5
1074,Lee County,North Carolina,3
1075,Lee County,Texas,2
1076,Lee County,Virginia,1
1077,Leelanau County,Michigan,2
1078,Leflore County,Mississippi,3
1079,Lehigh County,Pennsylvania,31
1080,Lenawee County,Michigan,5
1081,Lenoir County,North Carolina,3
1082,Leon County,Florida,31
1083,Levy County,Florida,4
1084,Lewis County,Idaho,1
1085,Lewis County,Missouri,1
1086,Lewis County,New York,5
1087,Lewis County,Tennessee,2
1088,Lewis County,Washington,4
1089,Lewis County,West Virginia,1
1090,Lewis and Clark County,Montana,5
1091,Lexington County,South Carolina,12
1092,Lexington city,Virginia,1
1093,Liberty County,Florida,1
1094,Liberty County,Georgia,2
1095,Liberty County,Texas,1
1096,Licking County,Ohio,9
1097,Limestone County,Alabama,3
1098,Lincoln County,Kentucky,1
1099,Lincoln County,Maine,5
1100,Lincoln County,Mississippi,4
1101,Lincoln County,Missouri,4
1102,Lincoln County,Montana,5
1103,Lincoln County,Nebraska,4
1104,Lincoln County,North Carolina,3
1105,Lincoln County,Oregon,3
1106,Lincoln County,South Dakota,5
1107,Lincoln County,Tennessee,2
1108,Lincoln County,Wisconsin,5
1109,Lincoln Parish,Louisiana,3
1110,Linn County,Iowa,12
1111,Linn County,Missouri,2
1112,Linn County,Oregon,4
1113,Livingston County,Illinois,5
1114,Livingston County,Michigan,9
1115,Livingston County,Missouri,1
1116,Livingston County,New York,2
1117,Livingston Parish,Louisiana,2
1118,Llano County,Texas,1
1119,Logan County,Arkansas,2
1120,Logan County,Illinois,1
1121,Logan County,Kentucky,2
1122,Logan County,Ohio,1
1123,Logan County,West Virginia,1
1124,Long County,Georgia,1
1125,Lonoke County,Arkansas,1
1126,Lorain County,Ohio,13
1127,Los Alamos County,New Mexico,2
1128,Los Angeles County,California,745
1129,Loudon County,Tennessee,1
1130,Loudoun County,Virginia,44
1131,Louisa County,Virginia,2
1132,Lower Connecticut River Valley Planning Region,Connecticut,12
1133,Lowndes County,Alabama,1
1134,Lowndes County,Georgia,11
1135,Lowndes County,Mississippi,3
1136,Lubbock County,Texas,15
1137,Lucas County,Ohio,31
1138,Lunenburg County,Virginia,1
1139,Luzerne County,Pennsylvania,25
1140,Lycoming County,Pennsylvania,9
1141,Lynchburg city,Virginia,6
1142,Lyon County,Iowa,3
1143,Lyon County,Kansas,1
1144,Lyon County,Minnesota,6
1145,Lyon County,Nevada,1
1146,Macomb County,Michigan,29
1147,Macon County,Georgia,4
1148,Macon County,Illinois,7
1149,Macon County,Missouri,2
1150,Macon County,North Carolina,2
1151,Macon County,Tennessee,1
1152,Macoupin County,Illinois,1
1153,Madera County,California,4
1154,Madison County,Alabama,30
1155,Madison County,Florida,1
1156,Madison County,Idaho,1
1157,Madison County,Illinois,27
1158,Madison County,Indiana,7
1159,Madison County,Kentucky,2
1160,Madison County,Mississippi,6
1161,Madison County,Nebraska,9
1162,Madison County,New York,2
1163,Madison County,North Carolina,2
1164,Madison County,Ohio,2
1165,Madison County,Tennessee,7
1166,Madison County,Virginia,3
1167,Madison Parish,Louisiana,1
1168,Mahnomen County,Minnesota,1
1169,Mahoning County,Ohio,15
1170,Malheur County,Oregon,1
1171,Manassas Park city,Virginia,1
1172,Manassas city,Virginia,3
1173,Manatee County,Florida,24
1174,Manistee County,Michigan,1
1175,Manitowoc County,Wisconsin,16
1176,Marathon County,Wisconsin,16
1177,Maricopa County,Arizona,192
1178,Maries County,Missouri,1
1179,Marin County,California,30
1180,Marinette County,Wisconsin,6
1181,Marion County,Alabama,1
1182,Marion County,Florida,30
1183,Marion County,Illinois,3
1184,Marion County,Indiana,75
1185,Marion County,Iowa,2
1186,Marion County,Kentucky,1
1187,Marion County,Mississippi,2
1188,Marion County,Missouri,2
1189,Marion County,Ohio,1
1190,Marion County,Oregon,21
1191,Marion County,South Carolina,3
1192,Marion County,Tennessee,1
1193,Marion County,Texas,2
1194,Marion County,West Virginia,1
1195,Mariposa County,California,1
1196,Marlboro County,South Carolina,1
1197,Marquette County,Michigan,1
1198,Marquette County,Wisconsin,2
1199,Marshall County,Alabama,1
1200,Marshall County,Indiana,13
1201,Marshall County,Kansas,1
1202,Marshall County,Kentucky,1
1203,Marshall County,Mississippi,3
1204,Marshall County,West Virginia,1
1205,Martin County,Florida,9
1206,Martin County,Minnesota,6
1207,Mason County,Kentucky,1
1208,Mason County,Michigan,2
1209,Mason County,Washington,2
1210,Mason County,West Virginia,2
1211,Matagorda County,Texas,1
1212,Matanuska-Susitna Borough,Alaska,2
1213,Maui County,Hawaii,18
1214,Maury County,Tennessee,9
1215,Maverick County,Texas,3
1216,Mayes County,Oklahoma,2
1217,McClain County,Oklahoma,1
1218,McCook County,South Dakota,1
1219,McCracken County,Kentucky,3
1220,McDonough County,Illinois,2
1221,McDowell County,North Carolina,1
1222,McHenry County,Illinois,17
1223,McKean County,Pennsylvania,6
1224,McKenzie County,North Dakota,1
1225,McKinley County,New Mexico,8
1226,McLean County,Illinois,9
1227,McLennan County,Texas,11
1228,McLeod County,Minnesota,6
1229,McMinn County,Tennessee,4
1230,McPherson County,Kansas,2
1231,Mecklenburg County,North Carolina,63
1232,Mecklenburg County,Virginia,3
1233,Mecosta County,Michigan,3
1234,Medina County,Ohio,12
1235,Medina County,Texas,2
1236,Meeker County,Minnesota,2
1237,Meigs County,Ohio,1
1238,Mendocino County,California,4
1239,Menominee County,Michigan,2
1240,Merced County,California,8
1241,Mercer County,Illinois,1
1242,Mercer County,Kentucky,1
1243,Mercer County,Missouri,2
1244,Mercer County,New Jersey,41
1245,Mercer County,Ohio,1
1246,Mercer County,Pennsylvania,16
1247,Merrick County,Nebraska,1
1248,Merrimack County,New Hampshire,15
1249,Mesa County,Colorado,7
1250,Miami County,Kansas,3
1251,Miami County,Ohio,7
1252,Miami-Dade County,Florida,404
1253,Middlesex County,Massachusetts,128
1254,Middlesex County,New Jersey,62
1255,Middlesex County,Virginia,1
1256,Midland County,Michigan,5
1257,Midland County,Texas,12
1258,Mifflin County,Pennsylvania,45
1259,Milam County,Texas,2
1260,Millard County,Utah,1
1261,Mille Lacs County,Minnesota,3
1262,Miller County,Arkansas,1
1263,Miller County,Missouri,2
1264,Milwaukee County,Wisconsin,117
1265,Mingo County,West Virginia,2
1266,Minidoka County,Idaho,1
1267,Minnehaha County,South Dakota,12
1268,Missaukee County,Michigan,1
1269,Mississippi County,Arkansas,1
1270,Mississippi County,Missouri,1
1271,Missoula County,Montana,12
1272,Mitchell County,Georgia,2
1273,Mitchell County,Kansas,3
1274,Mitchell County,North Carolina,2
1275,Mobile County,Alabama,33
1276,Modoc County,California,2
1277,Mohave County,Arizona,3
1278,Moniteau County,Missouri,3
1279,Monmouth County,New Jersey,61
1280,Monongalia County,West Virginia,7
1281,Monroe County,Florida,5
1282,Monroe County,Georgia,1
1283,Monroe County,Illinois,2
1284,Monroe County,Indiana,9
1285,Monroe County,Kentucky,1
1286,Monroe County,Michigan,11
1287,Monroe County,Mississippi,1
1288,Monroe County,Missouri,2
1289,Monroe County,New York,49
1290,Monroe County,Ohio,2
1291,Monroe County,Pennsylvania,7
1292,Monroe County,West Virginia,1
1293,Monroe County,Wisconsin,7
1294,Montcalm County,Michigan,5
1295,Monterey County,California,17
1296,Montezuma County,Colorado,2
1297,Montgomery County,Alabama,21
1298,Montgomery County,Georgia,1
1299,Montgomery County,Illinois,2
1300,Montgomery County,Kansas,4
1301,Montgomery County,Kentucky,2
1302,Montgomery County,Maryland,125
1303,Montgomery County,Missouri,1
1304,Montgomery County,New York,4
1305,Montgomery County,North Carolina,3
1306,Montgomery County,Ohio,30
1307,Montgomery County,Pennsylvania,125
1308,Montgomery County,Tennessee,13
1309,Montgomery County,Texas,30
1310,Montgomery County,Virginia,6
1311,Montour County,Pennsylvania,3
1312,Montrose County,Colorado,1
1313,Moore County,North Carolina,6
1314,Morehouse Parish,Louisiana,1
1315,Morgan County,Alabama,5
1316,Morgan County,Colorado,2
1317,Morgan County,Illinois,3
1318,Morgan County,Indiana,2
1319,Morgan County,Kentucky,1
1320,Morgan County,Missouri,2
1321,Morgan County,Tennessee,1
1322,Morris County,New Jersey,55
1323,Morrison County,Minnesota,2
1324,Morrow County,Ohio,2
1325,Morton County,North Dakota,1
1326,Moultrie County,Illinois,2
1327,Mower County,Minnesota,2
1328,Multnomah County,Oregon,62
1329,Murray County,Oklahoma,1
1330,Muscatine County,Iowa,2
1331,Muscogee County,Georgia,10
1332,Muskegon County,Michigan,5
1333,Muskingum County,Ohio,5
1334,Muskogee County,Oklahoma,3
1335,Musselshell County,Montana,1
1336,Nacogdoches County,Texas,2
1337,Nantucket County,Massachusetts,3
1338,Napa County,California,17
1339,Nash County,North Carolina,4
1340,Nassau County,Florida,5
1341,Nassau County,New York,87
1342,Natchitoches Parish,Louisiana,2
1343,Natrona County,Wyoming,6
1344,Naugatuck Valley Planning Region,Connecticut,24
1345,Navajo County,Arizona,7
1346,Nelson County,Kentucky,6
1347,Nelson County,Virginia,1
1348,Nemaha County,Kansas,1
1349,Neosho County,Kansas,1
1350,Ness County,Kansas,1
1351,Nevada County,California,3
1352,New Castle County,Delaware,53
1353,New Hanover County,North Carolina,17
1354,New Madrid County,Missouri,1
1355,New York County,New York,136
1356,Newaygo County,Michigan,2
1357,Newberry County,South Carolina,1
1358,Newport County,Rhode Island,7
1359,Newport News city,Virginia,13
1360,Newton County,Georgia,6
1361,Newton County,Missouri,1
1362,Nez Perce County,Idaho,6
1363,Niagara County,New York,8
1364,Nicholas County,West Virginia,2
1365,Nicollet County,Minnesota,7
1366,Noble County,Indiana,4
1367,Nobles County,Minnesota,2
1368,Nodaway County,Missouri,3
1369,Nolan County,Texas,1
1370,Norfolk County,Massachusetts,60
1371,Norfolk city,Virginia,27
1372,Northampton County,North Carolina,2
1373,Northampton County,Pennsylvania,14
1374,Northampton County,Virginia,4
1375,Northeastern Connecticut Planning Region,Connecticut,7
1376,Northumberland County,Pennsylvania,8
1377,Northwest Hills Planning Region,Connecticut,16
1378,Noxubee County,Mississippi,1
1379,Nueces County,Texas,20
1380,O'Brien County,Iowa,4
1381,Oakland County,Michigan,82
1382,Ocean County,New Jersey,102
1383,Oceana County,Michigan,1
1384,Ochiltree County,Texas,1
1385,Oconee County,Georgia,4
1386,Oconee County,South Carolina,8
1387,Oconto County,Wisconsin,4
1388,Ogemaw County,Michigan,1
1389,Oglala Lakota County,South Dakota,3
1390,Ogle County,Illinois,1
1391,Ohio County,West Virginia,7
1392,Okaloosa County,Florida,13
1393,Okanogan County,Washington,5
1394,Okeechobee County,Florida,5
1395,Oklahoma County,Oklahoma,36
1396,Okmulgee County,Oklahoma,1
1397,Oldham County,Kentucky,4
1398,Olmsted County,Minnesota,13
1399,Oneida County,New York,5
1400,Oneida County,Wisconsin,3
1401,Onondaga County,New York,21
1402,Onslow County,North Carolina,15
1403,Ontario County,New York,5
1404,Orange County,California,245
1405,Orange County,Florida,143
1406,Orange County,Indiana,1
1407,Orange County,New York,20
1408,Orange County,North Carolina,5
1409,Orange County,Texas,2
1410,Orange County,Vermont,5
1411,Orangeburg County,South Carolina,5
1412,Orleans County,New York,1
1413,Orleans County,Vermont,3
1414,Orleans Parish,Louisiana,41
1415,Osage County,Missouri,7
1416,Osage County,Oklahoma,1
1417,Osceola County,Florida,40
1418,Osceola County,Michigan,1
1419,Oswego County,New York,1
1420,Otero County,New Mexico,6
1421,Otoe County,Nebraska,1
1422,Otsego County,Michigan,2
1423,Otsego County,New York,3
1424,Ottawa County,Michigan,17
1425,Ottawa County,Ohio,4
1426,Otter Tail County,Minnesota,5
1427,Ouachita County,Arkansas,1
1428,Ouachita Parish,Louisiana,10
1429,Outagamie County,Wisconsin,19
1430,Overton County,Tennessee,2
1431,Owen County,Kentucky,1
1432,Oxford County,Maine,8
1433,Ozaukee County,Wisconsin,12
1434,Page County,Iowa,1
1435,Page County,Virginia,1
1436,Palm Beach County,Florida,116
1437,Palo Alto County,Iowa,1
1438,Panola County,Mississippi,1
1439,Panola County,Texas,1
1440,Park County,Montana,2
1441,Parke County,Indiana,3
1442,Parker County,Texas,4
1443,Pasco County,Florida,34
1444,Pasquotank County,North Carolina,5
1445,Passaic County,New Jersey,41
1446,Patrick County,Virginia,1
1447,Paulding County,Georgia,1
1448,Paulding County,Ohio,1
1449,Pawnee County,Nebraska,1
1450,Payette County,Idaho,2
1451,Payne County,Oklahoma,2
1452,Peach County,Georgia,1
1453,Pearl River County,Mississippi,4
1454,Pend Oreille County,Washington,1
1455,Pender County,North Carolina,1
1456,Pennington County,Minnesota,2
1457,Pennington County,South Dakota,10
1458,Penobscot County,Maine,10
1459,Peoria County,Illinois,25
1460,Pepin County,Wisconsin,4
1461,Perry County,Alabama,1
1462,Perry County,Illinois,2
1463,Perry County,Missouri,3
1464,Perry County,Ohio,1
1465,Perry County,Pennsylvania,10
1466,Perry County,Tennessee,1
1467,Person County,North Carolina,2
1468,Petersburg city,Virginia,1
1469,Pettis County,Missouri,4
1470,Phelps County,Missouri,3
1471,Phelps County,Nebraska,1
1472,Philadelphia County,Pennsylvania,121
1473,Phillips County,Arkansas,1
1474,Piatt County,Illinois,1
1475,Pickaway County,Ohio,2
1476,Pickens County,Alabama,1
1477,Pickens County,Georgia,3
1478,Pickens County,South Carolina,4
1479,Pierce County,Georgia,1
1480,Pierce County,Nebraska,3
1481,Pierce County,North Dakota,1
1482,Pierce County,Washington,37
1483,Pierce County,Wisconsin,3
1484,Pike County,Alabama,3
1485,Pike County,Arkansas,1
1486,Pike County,Illinois,1
1487,Pike County,Kentucky,2
1488,Pike County,Mississippi,2
1489,Pike County,Missouri,1
1490,Pike County,Ohio,2
1491,Pima County,Arizona,52
1492,Pinal County,Arizona,5
1493,Pinellas County,Florida,92
1494,Pipestone County,Minnesota,2
1495,Piscataquis County,Maine,1
1496,Pitkin County,Colorado,1
1497,Pitt County,North Carolina,11
1498,Pittsburg County,Oklahoma,1
1499,Pittsylvania County,Virginia,3
1500,Placer County,California,22
1501,Plaquemines Parish,Louisiana,1
1502,Platte County,Missouri,5
1503,Platte County,Nebraska,8
1504,Plumas County,California,2
1505,Plymouth County,Iowa,2
1506,Plymouth County,Massachusetts,27
1507,Pointe Coupee Parish,Louisiana,1
1508,Polk County,Florida,55
1509,Polk County,Georgia,1
1510,Polk County,Iowa,22
1511,Polk County,Minnesota,3
1512,Polk County,Oregon,4
1513,Polk County,Tennessee,1
1514,Polk County,Texas,2
1515,Polk County,Wisconsin,1
1516,Pontotoc County,Mississippi,1
1517,Pope County,Arkansas,1
1518,Pope County,Minnesota,1
1519,Portage County,Ohio,4
1520,Portage County,Wisconsin,9
1521,Porter County,Indiana,11
1522,Portsmouth city,Virginia,10
1523,Posey County,Indiana,3
1524,Pottawatomie County,Oklahoma,2
1525,Pottawattamie County,Iowa,2
1526,Potter County,Pennsylvania,3
1527,Potter County,Texas,4
1528,Poweshiek County,Iowa,1
1529,Powhatan County,Virginia,1
1530,Presque Isle County,Michigan,3
1531,Price County,Wisconsin,1
1532,Prince Edward County,Virginia,2
1533,Prince George's County,Maryland,55
1534,Prince William County,Virginia,26
1535,Providence County,Rhode Island,49
1536,Pueblo County,Colorado,7
1537,Pulaski County,Arkansas,27
1538,Pulaski County,Kentucky,3
1539,Pulaski County,Missouri,2
1540,Pulaski County,Virginia,2
1541,Putnam County,Florida,5
1542,Putnam County,Indiana,1
1543,Putnam County,New York,5
1544,Putnam County,Ohio,3
1545,Putnam County,Tennessee,5
1546,Putnam County,West Virginia,2
1547,Queen Anne's County,Maryland,5
1548,Queens County,New York,118
1549,Rabun County,Georgia,2
1550,Racine County,Wisconsin,21
1551,Radford city,Virginia,1
1552,Raleigh County,West Virginia,7
1553,Ramsey County,Minnesota,34
1554,Ramsey County,North Dakota,1
1555,Randall County,Texas,5
1556,Randolph County,Alabama,1
1557,Randolph County,Arkansas,1
1558,Randolph County,Illinois,7
1559,Randolph County,Missouri,2
1560,Randolph County,North Carolina,7
1561,Randolph County,West Virginia,4
1562,Rankin County,Mississippi,8
1563,Rapides Parish,Louisiana,7
1564,Rappahannock County,Virginia,3
1565,Ravalli County,Montana,3
1566,Red River Parish,Louisiana,1
1567,Red Willow County,Nebraska,1
1568,Redwood County,Minnesota,3
1569,Reno County,Kansas,6
1570,Rensselaer County,New York,12
1571,Renville County,Minnesota,1
1572,Rhea County,Tennessee,1
1573,Rice County,Minnesota,8
1574,Richardson County,Nebraska,1
1575,Richland County,Illinois,3
1576,Richland County,Montana,1
1577,Richland County,North Dakota,1
1578,Richland County,Ohio,10
1579,Richland County,South Carolina,22
1580,Richland County,Wisconsin,3
1581,Richmond County,Georgia,12
1582,Richmond County,New York,26
1583,Richmond County,North Carolina,2
1584,Richmond city,Virginia,25
1585,Riley County,Kansas,1
1586,Rio Arriba County,New Mexico,1
1587,Rio Blanco County,Colorado,1
1588,Ripley County,Indiana,2
1589,Ripley County,Missouri,1
1590,Ritchie County,West Virginia,1
1591,Riverside County,California,88
1592,Roane County,Tennessee,4
1593,Roanoke County,Virginia,6
1594,Roanoke city,Virginia,6
1595,Robertson County,Tennessee,6
1596,Robeson County,North Carolina,5
1597,Rock County,Minnesota,2
1598,Rock County,Wisconsin,8
1599,Rock Island County,Illinois,7
1600,Rockbridge County,Virginia,3
1601,Rockdale County,Georgia,9
1602,Rockingham County,New Hampshire,30
1603,Rockingham County,North Carolina,5
1604,Rockingham County,Virginia,11
1605,Rockland County,New York,50
1606,Rockwall County,Texas,7
1607,Rogers County,Oklahoma,4
1608,Rooks County,Kansas,1
1609,Roscommon County,Michigan,2
1610,Rosebud County,Montana,2
1611,Ross County,Ohio,3
1612,Routt County,Colorado,1
1613,Rowan County,Kentucky,1
1614,Rowan County,North Carolina,9
1615,Rush County,Indiana,2
1616,Rusk County,Texas,1
1617,Rusk County,Wisconsin,2
1618,Russell County,Alabama,3
1619,Russell County,Virginia,1
1620,Rutherford County,North Carolina,4
1621,Rutherford County,Tennessee,16
1622,Rutland County,Vermont,7
1623,Sacramento County,California,75
1624,Sagadahoc County,Maine,2
1625,Saginaw County,Michigan,22
1626,Saguache County,Colorado,1
1627,Salem County,New Jersey,1
1628,Salem city,Virginia,2
1629,Saline County,Arkansas,3
1630,Saline County,Illinois,1
1631,Saline County,Kansas,3
1632,Saline County,Missouri,1
1633,Saline County,Nebraska,1
1634,Salt Lake County,Utah,53
1635,Saluda County,South Carolina,2
1636,Sampson County,North Carolina,5
1637,San Benito County,California,5
1638,San Bernardino County,California,78
1639,San Diego County,California,179
1640,San Francisco County,California,90
1641,San Joaquin County,California,29
1642,San Juan County,New Mexico,11
1643,San Juan County,Utah,1
1644,San Juan County,Washington,3
1645,San Luis Obispo County,California,16
1646,San Mateo County,California,82
1647,San Miguel County,Colorado,1
1648,San Miguel County,New Mexico,2
1649,Sanders County,Montana,3
1650,Sandoval County,New Mexico,8
1651,Sandusky County,Ohio,6
1652,Sangamon County,Illinois,14
1653,Sanilac County,Michigan,1
1654,Sanpete County,Utah,2
1655,Santa Barbara County,California,29
1656,Santa Clara County,California,172
1657,Santa Cruz County,Arizona,5
1658,Santa Cruz County,California,23
1659,Santa Fe County,New Mexico,19
1660,Santa Rosa County,Florida,8
1661,Sarasota County,Florida,32
1662,Saratoga County,New York,12
1663,Sarpy County,Nebraska,8
1664,Sauk County,Wisconsin,13
1665,Saunders County,Nebraska,2
1666,Sawyer County,Wisconsin,2
1667,Schenectady County,New York,7
1668,Schoharie County,New York,2
1669,Schoolcraft County,Michigan,2
1670,Schuylkill County,Pennsylvania,10
1671,Scioto County,Ohio,5
1672,Scotland County,North Carolina,2
1673,Scott County,Indiana,1
1674,Scott County,Iowa,8
1675,Scott County,Kentucky,3
1676,Scott County,Minnesota,12
1677,Scott County,Missouri,8
1678,Scott County,Tennessee,1
1679,Scotts Bluff County,Nebraska,3
1680,Screven County,Georgia,2
1681,Scurry County,Texas,1
1682,Sebastian County,Arkansas,9
1683,Sedgwick County,Kansas,32
1684,Seminole County,Florida,53
1685,Seneca County,New York,3
1686,Seneca County,Ohio,2
1687,Sequatchie County,Tennessee,1
1688,Sevier County,Arkansas,1
1689,Sevier County,Tennessee,5
1690,Sevier County,Utah,2
1691,Seward County,Kansas,1
1692,Seward County,Nebraska,4
1693,Sharkey County,Mississippi,1
1694,Shasta County,California,7
1695,Shawano County,Wisconsin,10
1696,Shawnee County,Kansas,11
1697,Sheboygan County,Wisconsin,14
1698,Shelby County,Alabama,15
1699,Shelby County,Illinois,2
1700,Shelby County,Indiana,1
1701,Shelby County,Iowa,1
1702,Shelby County,Kentucky,1
1703,Shelby County,Missouri,2
1704,Shelby County,Ohio,2
1705,Shelby County,Tennessee,61
1706,Shenandoah County,Virginia,5
1707,Sherburne County,Minnesota,2
1708,Sheridan County,Wyoming,2
1709,Shiawassee County,Michigan,4
1710,Shoshone County,Idaho,1
1711,Sibley County,Minnesota,4
1712,Sierra County,New Mexico,1
1713,Silver Bow County,Montana,4
1714,Simpson County,Kentucky,2
1715,Simpson County,Mississippi,2
1716,Sioux County,Iowa,11
1717,Sioux County,North Dakota,1
1718,Siskiyou County,California,4
1719,Skagit County,Washington,7
1720,Smith County,Texas,14
1721,Snohomish County,Washington,36
1722,Snyder County,Pennsylvania,21
1723,Solano County,California,23
1724,Somerset County,Maine,5
1725,Somerset County,New Jersey,49
1726,Somerset County,Pennsylvania,18
1727,Somervell County,Texas,1
1728,Sonoma County,California,35
1729,South Central Connecticut Planning Region,Connecticut,48
1730,Southampton County,Virginia,1
1731,Southeast Fairbanks Census Area,Alaska,1
1732,Southeastern Connecticut Planning Region,Connecticut,19
1733,Spalding County,Georgia,2
1734,Spartanburg County,South Carolina,8
1735,Spencer County,Indiana,1
1736,Spencer County,Kentucky,1
1737,Spokane County,Washington,40
1738,Spotsylvania County,Virginia,8
1739,St. Bernard Parish,Louisiana,1
1740,St. Charles County,Missouri,27
1741,St. Charles Parish,Louisiana,1
1742,St. Clair County,Alabama,3
1743,St. Clair County,Illinois,23
1744,St. Clair County,Michigan,6
1745,St. Croix County,Wisconsin,6
1746,St. Francis County,Arkansas,1
1747,St. Francois County,Missouri,3
1748,St. James Parish,Louisiana,1
1749,St. John the Baptist Parish,Louisiana,4
1750,St. Johns County,Florida,15
1751,St. Joseph County,Indiana,37
1752,St. Joseph County,Michigan,7
1753,St. Landry Parish,Louisiana,6
1754,St. Lawrence County,New York,17
1755,St. Louis County,Minnesota,10
1756,St. Louis County,Missouri,121
1757,St. Louis city,Missouri,27
1758,St. Lucie County,Florida,26
1759,St. Martin Parish,Louisiana,3
1760,St. Mary Parish,Louisiana,2
1761,St. Mary's County,Maryland,17
1762,St. Tammany Parish,Louisiana,17
1763,Stafford County,Virginia,9
1764,Stanislaus County,California,21
1765,Stanly County,North Carolina,4
1766,Stark County,North Dakota,6
1767,Stark County,Ohio,29
1768,Starke County,Indiana,1
1769,Staunton city,Virginia,5
1770,Ste. Genevieve County,Missouri,3
1771,Stearns County,Minnesota,20
1772,Steele County,Minnesota,2
1773,Stephenson County,Illinois,1
1774,Steuben County,New York,8
1775,Stevens County,Kansas,1
1776,Stevens County,Minnesota,1
1777,Stevens County,Washington,3
1778,Stokes County,North Carolina,1
1779,Stone County,Mississippi,1
1780,Stone County,Missouri,1
1781,Story County,Iowa,2
1782,Strafford County,New Hampshire,11
1783,Stutsman County,North Dakota,3
1784,Suffolk County,Massachusetts,46
1785,Suffolk County,New York,47
1786,Suffolk city,Virginia,2
1787,Sullivan County,New Hampshire,6
1788,Sullivan County,New York,5
1789,Sullivan County,Tennessee,7
1790,Summers County,West Virginia,2
1791,Summit County,Colorado,1
1792,Summit County,Ohio,35
1793,Summit County,Utah,3
1794,Sumner County,Kansas,1
1795,Sumner County,Tennessee,13
1796,Sumter County,Florida,1
1797,Sumter County,Georgia,1
1798,Sumter County,South Carolina,8
1799,Sunflower County,Mississippi,2
1800,Surry County,North Carolina,2
1801,Susquehanna County,Pennsylvania,1
1802,Sussex County,Delaware,7
1803,Sussex County,New Jersey,11
1804,Sussex County,Virginia,1
1805,Sutter County,California,4
1806,Suwannee County,Florida,6
1807,Swain County,North Carolina,2
1808,Sweetwater County,Wyoming,2
1809,Talbot County,Maryland,4
1810,Talladega County,Alabama,3
1811,Tallapoosa County,Alabama,2
1812,Taney County,Missouri,3
1813,Tangipahoa Parish,Louisiana,6
1814,Tarrant County,Texas,85
1815,Tate County,Mississippi,1
1816,Taylor County,Florida,2
1817,Taylor County,Georgia,1
1818,Taylor County,Kentucky,2
1819,Taylor County,Texas,5
1820,Taylor County,Wisconsin,3
1821,Tazewell County,Illinois,7
1822,Tazewell County,Virginia,3
1823,Tehama County,California,1
1824,Tensas Parish,Louisiana,1
1825,Terrebonne Parish,Louisiana,8
1826,Terrell County,Georgia,1
1827,Teton County,Idaho,1
1828,Teton County,Wyoming,5
1829,Texas County,Oklahoma,1
1830,Thayer County,Nebraska,1
1831,Thomas County,Kansas,3
1832,Thurston County,Nebraska,1
1833,Thurston County,Washington,18
1834,Tift County,Georgia,1
1835,Tillamook County,Oregon,3
1836,Tioga County,New York,1
1837,Tioga County,Pennsylvania,5
1838,Tippecanoe County,Indiana,10
1839,Tipton County,Tennessee,1
1840,Titus County,Texas,1
1841,Todd County,Kentucky,1
1842,Todd County,Minnesota,4
1843,Todd County,South Dakota,1
1844,Tom Green County,Texas,7
1845,Tompkins County,New York,5
1846,Tooele County,Utah,2
1847,Toombs County,Georgia,3
1848,Towns County,Georgia,1
1849,Transylvania County,North Carolina,2
1850,Travis County,Texas,85
1851,Trempealeau County,Wisconsin,8
1852,Trigg County,Kentucky,1
1853,Troup County,Georgia,4
1854,Trumbull County,Ohio,13
1855,Tucker County,West Virginia,1
1856,Tulare County,California,9
1857,Tulsa County,Oklahoma,37
1858,Tuolumne County,California,4
1859,Tuscaloosa County,Alabama,8
1860,Tuscarawas County,Ohio,19
1861,Tuscola County,Michigan,5
1862,Twiggs County,Georgia,2
1863,Twin Falls County,Idaho,8
1864,Tyler County,Texas,1
1865,Uintah County,Utah,1
1866,Ulster County,New York,12
1867,Umatilla County,Oregon,4
1868,Union County,Arkansas,2
1869,Union County,Iowa,2
1870,Union County,Mississippi,1
1871,Union County,New Jersey,54
1872,Union County,North Carolina,10
1873,Union County,Ohio,2
1874,Union County,Oregon,4
1875,Union County,Pennsylvania,9
1876,Union County,South Carolina,1
1877,Upshur County,West Virginia,1
1878,Upson County,Georgia,2
1879,Utah County,Utah,16
1880,Uvalde County,Texas,3
1881,Val Verde County,Texas,2
1882,Valencia County,New Mexico,3
1883,Valley County,Idaho,3
1884,Valley County,Montana,1
1885,Van Buren County,Michigan,5
1886,Van Wert County,Ohio,1
1887,Vance County,North Carolina,3
1888,Vanderburgh County,Indiana,14
1889,Venango County,Pennsylvania,6
1890,Ventura County,California,55
1891,Vermilion County,Illinois,5
1892,Vermilion Parish,Louisiana,2
1893,Vermillion County,Indiana,1
1894,Vernon County,Wisconsin,9
1895,Victoria County,Texas,12
1896,Vigo County,Indiana,4
1897,Vilas County,Wisconsin,1
1898,Vinton County,Ohio,1
1899,Virginia Beach city,Virginia,33
1900,Volusia County,Florida,50
1901,Wabash County,Illinois,1
1902,Wabash County,Indiana,4
1903,Wabasha County,Minnesota,2
1904,Wabaunsee County,Kansas,1
1905,Wadena County,Minnesota,1
1906,Wake County,North Carolina,66
1907,Wakulla County,Florida,2
1908,Waldo County,Maine,1
1909,Walker County,Alabama,2
1910,Walker County,Texas,2
1911,Walla Walla County,Washington,5
1912,Waller County,Texas,2
1913,Wallowa County,Oregon,1
1914,Walton County,Florida,9
1915,Walton County,Georgia,11
1916,Walworth County,Wisconsin,14
1917,Wapello County,Iowa,2
1918,Ward County,North Dakota,3
1919,Ware County,Georgia,1
1920,Warren County,Georgia,1
1921,Warren County,Illinois,1
1922,Warren County,Iowa,3
1923,Warren County,Kentucky,5
1924,Warren County,Mississippi,5
1925,Warren County,Missouri,5
1926,Warren County,New Jersey,4
1927,Warren County,New York,1
1928,Warren County,North Carolina,1
1929,Warren County,Ohio,21
1930,Warren County,Pennsylvania,11
1931,Warren County,Tennessee,4
1932,Warren County,Virginia,6
1933,Warrick County,Indiana,4
1934,Wasco County,Oregon,1
1935,Waseca County,Minnesota,2
1936,Washburn County,Wisconsin,1
1937,Washington County,Arkansas,10
1938,Washington County,Florida,3
1939,Washington County,Georgia,1
1940,Washington County,Illinois,5
1941,Washington County,Indiana,3
1942,Washington County,Iowa,1
1943,Washington County,Kansas,2
1944,Washington County,Kentucky,1
1945,Washington County,Maine,1
1946,Washington County,Maryland,14
1947,Washington County,Minnesota,16
1948,Washington County,Mississippi,7
1949,Washington County,Missouri,1
1950,Washington County,Nebraska,1
1951,Washington County,New York,1
1952,Washington County,Ohio,3
1953,Washington County,Oklahoma,1
1954,Washington County,Oregon,37
1955,Washington County,Pennsylvania,14
1956,Washington County,Rhode Island,6
1957,Washington County,Tennessee,9
1958,Washington County,Texas,4
1959,Washington County,Utah,6
1960,Washington County,Vermont,10
1961,Washington County,Virginia,2
1962,Washington County,Wisconsin,19
1963,Washington Parish,Louisiana,3
1964,Washita County,Oklahoma,1
1965,Washoe County,Nevada,24
1966,Washtenaw County,Michigan,26
1967,Watauga County,North Carolina,1
1968,Watonwan County,Minnesota,2
1969,Waukesha County,Wisconsin,45
1970,Waupaca County,Wisconsin,9
1971,Waushara County,Wisconsin,3
1972,Wayne County,Georgia,2
1973,Wayne County,Illinois,1
1974,Wayne County,Indiana,8
1975,Wayne County,Kentucky,1
1976,Wayne County,Michigan,73
1977,Wayne County,Missouri,3
1978,Wayne County,Nebraska,2
1979,Wayne County,New York,2
1980,Wayne County,North Carolina,9
1981,Wayne County,Ohio,65
1982,Wayne County,Pennsylvania,2
1983,Waynesboro city,Virginia,2
1984,Weakley County,Tennessee,2
1985,Webb County,Texas,9
1986,Weber County,Utah,11
1987,Webster County,Iowa,4
1988,Webster County,Missouri,17
1989,Webster Parish,Louisiana,1
1990,Weld County,Colorado,6
1991,Wells County,Indiana,3
1992,West Baton Rouge Parish,Louisiana,2
1993,Westchester County,New York,76
1994,Western Connecticut Planning Region,Connecticut,44
1995,Westmoreland County,Pennsylvania,24
1996,Westmoreland County,Virginia,1
1997,Wexford County,Michigan,2
1998,Wharton County,Texas,3
1999,Whatcom County,Washington,16
2000,Wheatland County,Montana,1
2001,White County,Arkansas,7
2002,White County,Indiana,1
2003,White County,Tennessee,1
2004,Whiteside County,Illinois,5
2005,Whitfield County,Georgia,2
2006,Whitley County,Indiana,3
2007,Whitman County,Washington,2
2008,Wichita County,Texas,2
2009,Wicomico County,Maryland,9
2010,Wilbarger County,Texas,1
2011,Wilcox County,Alabama,2
2012,Wilcox County,Georgia,1
2013,Wilkes County,North Carolina,3
2014,Wilkinson County,Georgia,1
2015,Will County,Illinois,50
2016,Williams County,North Dakota,2
2017,Williams County,Ohio,2
2018,Williamsburg County,South Carolina,4
2019,Williamsburg city,Virginia,2
2020,Williamson County,Illinois,4
2021,Williamson County,Tennessee,17
2022,Williamson County,Texas,29
2023,Wilson County,North Carolina,4
2024,Wilson County,Tennessee,4
2025,Wilson County,Texas,1
2026,Winchester city,Virginia,3
2027,Windham County,Vermont,16
2028,Windsor County,Vermont,6
2029,Winnebago County,Illinois,21
2030,Winnebago County,Iowa,1
2031,Winnebago County,Wisconsin,14
2032,Winneshiek County,Iowa,4
2033,Winona County,Minnesota,9
2034,Wise County,Virginia,1
2035,Wolfe County,Kentucky,1
2036,Wood County,Ohio,4
2037,Wood County,West Virginia,5
2038,Wood County,Wisconsin,10
2039,Woodbury County,Iowa,8
2040,Woodford County,Illinois,2
2041,Woodford County,Kentucky,3
2042,Woodward County,Oklahoma,1
2043,Worcester County,Maryland,3
2044,Worcester County,Massachusetts,56
2045,Wright County,Minnesota,7
2046,Wright County,Missouri,2
2047,Wyandot County,Ohio,3
2048,Wyandotte County,Kansas,5
2049,Wyoming County,New York,2
2050,Wyoming County,Pennsylvania,1
2051,Wythe County,Virginia,1
2052,Yadkin County,North Carolina,2
2053,Yakima County,Washington,12
2054,Yamhill County,Oregon,5
2055,Yancey County,North Carolina,3
2056,Yankton County,South Dakota,3
2057,Yates County,New York,15
2058,Yavapai County,Arizona,13
2059,Yellow Medicine County,Minnesota,1
2060,Yellowstone County,Montana,11
2061,Yolo County,California,11
2062,York County,Maine,10
2063,York County,Nebraska,4
2064,York County,Pennsylvania,34
2065,York County,South Carolina,10
2066,York County,Virginia,3
2067,Yuba County,California,1
2068,Yuma County,Arizona,6
